rt lovely goal scored on the break finished off by lingard who couldn t resit the dab to celebrate mufc facup ,Mon Feb 22 13:06:05 PST 2016,Awal,MUFC FACup 
rt ted cruz has now apologized to marco rubio and ben carson for fraud and dirty tricks no wonder he has lost evangelica ,Mon Feb 22 13:06:05 PST 2016,Don Ofcourse,
 longhorns at kansasstate over under bitcoin sportsbook get in on the action ,Mon Feb 22 13:06:06 PST 2016,Professional Gambler,Longhorns KansasState Bitcoin 
rt which ref was subject of high court ruling after welsh rugby derby dm your answer win tickets to our sport lunch ht ,Mon Feb 22 13:06:07 PST 2016,Dan Langford,
if only manu could play in league one they could achieve all their objectives and win matches convincingly ,Mon Feb 22 13:06:07 PST 2016,Chuck Bales,
rt ted cruz has now apologized to marco rubio and ben carson for fraud and dirty tricks no wonder he has lost evangelica ,Mon Feb 22 13:06:08 PST 2016,Paul Patrulescu,
rt lovely goal scored on the break finished off by lingard who couldn t resit the dab to celebrate mufc facup ,Mon Feb 22 13:06:09 PST 2016,Jenil_MUFC,MUFC FACup 
rt ted cruz has now apologized to marco rubio and ben carson for fraud and dirty tricks no wonder he has lost evangelica ,Mon Feb 22 13:06:09 PST 2016,Daniel,
rt goal lingard scores shrewsbury manchester united mufc ,Mon Feb 22 13:06:09 PST 2016,Kriss,MUFC 
rt lovely goal scored on the break finished off by lingard who couldn t resit the dab to celebrate mufc facup ,Mon Feb 22 13:06:09 PST 2016,George Angelidis ⚽️,MUFC FACup 
rt ted cruz has now apologized to marco rubio and ben carson for fraud and dirty tricks no wonder he has lost evangelica ,Mon Feb 22 13:06:09 PST 2016,Laura,
i m really happy for lingard scoring against a team thats actually at his level the absolute fraud,Mon Feb 22 13:06:10 PST 2016,Jack Tonge,
rt ted cruz has now apologized to marco rubio and ben carson for fraud and dirty tricks no wonder he has lost evangelica ,Mon Feb 22 13:06:10 PST 2016,Taylor Jackson,
 great to see alastair down win specialist sports journalist award brilliant on jt mcnamara ,Mon Feb 22 13:06:10 PST 2016,Francis Keogh,
rt rt enter show us your sport win big mpmysport ,Mon Feb 22 13:06:10 PST 2016,Garrett Lee Welch,MPMySport 
 bc apparently has a fund to compensate the victim of the fraud the former owner but the new owner still holds title ,Mon Feb 22 13:06:10 PST 2016,Kevin McArthur,
rt ted cruz has now apologized to marco rubio and ben carson for fraud and dirty tricks no wonder he has lost evangelica ,Mon Feb 22 13:06:11 PST 2016,Patrice,
fake nipp official faces trial over fraud ,Mon Feb 22 13:06:11 PST 2016,TUMMY D PILLAR,
stamkos scores th goal lightning top penguins related articles ,Mon Feb 22 13:06:12 PST 2016,NHL News,
rt ted cruz has now apologized to marco rubio and ben carson for fraud and dirty tricks no wonder he has lost evangelica ,Mon Feb 22 13:06:13 PST 2016,Romeo St. Martin,
rt ted cruz has now apologized to marco rubio and ben carson for fraud and dirty tricks no wonder he has lost evangelica ,Mon Feb 22 13:06:13 PST 2016,Cecil Choate,
 miami was perfect for him offensively and defensively he was able to score and play as efficiently as humans can,Mon Feb 22 13:06:15 PST 2016,NBA News and Debates,
rt ted cruz has now apologized to marco rubio and ben carson for fraud and dirty tricks no wonder he has lost evangelica ,Mon Feb 22 13:06:15 PST 2016,Mark E Widener,
rt lionel messi has never scored against you may his beak of a nose continue to blind him from your goal for both ,Mon Feb 22 13:06:15 PST 2016,Яami,
rt ted cruz has now apologized to marco rubio and ben carson for fraud and dirty tricks no wonder he has lost evangelica ,Mon Feb 22 13:06:17 PST 2016,JessP,
 how did we score a goal one winner here and not us,Mon Feb 22 13:06:17 PST 2016,Adam Drew,
rt lovely goal scored on the break finished off by lingard who couldn t resit the dab to celebrate mufc facup ,Mon Feb 22 13:06:18 PST 2016,Sameep Malla,MUFC FACup 
rt ted cruz has now apologized to marco rubio and ben carson for fraud and dirty tricks no wonder he has lost evangelica ,Mon Feb 22 13:06:18 PST 2016,This is a Test,
rt ted cruz has now apologized to marco rubio and ben carson for fraud and dirty tricks no wonder he has lost evangelica ,Mon Feb 22 13:06:18 PST 2016,Kambree Kawahine Koa,
rt ted cruz has now apologized to marco rubio and ben carson for fraud and dirty tricks no wonder he has lost evangelica ,Mon Feb 22 13:06:19 PST 2016,Barbara Huttmann,
rt suarez forgets his passport ahead of barcelona s champions league clash with arsenal ,Mon Feb 22 13:06:20 PST 2016,wanatimi,
rt lovely goal scored on the break finished off by lingard who couldn t resit the dab to celebrate mufc facup ,Mon Feb 22 13:06:21 PST 2016,Baptiste Verron,MUFC FACup 
what if this heat is caused cos of the over corruption in naija sweating profusely ,Mon Feb 22 13:06:21 PST 2016,Onuorah ifenna,
rt ted cruz has now apologized to marco rubio and ben carson for fraud and dirty tricks no wonder he has lost evangelica ,Mon Feb 22 13:06:21 PST 2016,Christopher  Hicks,
we actually scored a counter attacking goal ,Mon Feb 22 13:06:22 PST 2016,daleyinho,
rt ted cruz has now apologized to marco rubio and ben carson for fraud and dirty tricks no wonder he has lost evangelica ,Mon Feb 22 13:06:23 PST 2016,liz,
rt ted cruz has now apologized to marco rubio and ben carson for fraud and dirty tricks no wonder he has lost evangelica ,Mon Feb 22 13:06:24 PST 2016,Kevin M. Pope,
rt rt enter show us your sport win big mpmysport ,Mon Feb 22 13:06:24 PST 2016,aaronjr,MPMySport 
rt lovely goal scored on the break finished off by lingard who couldn t resit the dab to celebrate mufc facup ,Mon Feb 22 13:06:25 PST 2016,Wendy Kerfoot,MUFC FACup 
fake nipp official faces trial over fraud ,Mon Feb 22 13:06:26 PST 2016,#GAGA,
rt sorry sleazyted your camp s corruption will soon unravel sorryted lyingted trickyted,Mon Feb 22 13:06:27 PST 2016,Barbara Abbott,SleazyTed SorryTed LyingTed TrickyTed 
rt lovely goal scored on the break finished off by lingard who couldn t resit the dab to celebrate mufc facup ,Mon Feb 22 13:06:27 PST 2016,jayme,MUFC FACup 
i survived m s and got a score of in agar io can you do better come and play ,Mon Feb 22 13:06:29 PST 2016,Dylan jamieson,
i survived m s and got a score of in agar io can you do better come and play ,Mon Feb 22 13:06:29 PST 2016,Antonie Grigore,
rt lovely goal scored on the break finished off by lingard who couldn t resit the dab to celebrate mufc facup ,Mon Feb 22 13:06:29 PST 2016,Calista Atogbo,MUFC FACup 
rt video thomas m ller has just scored this stunning overhead kick goal of the week ,Mon Feb 22 13:06:30 PST 2016,Nathan Watkins,
goal lingard scores on a cross from ander herrera mufc,Mon Feb 22 13:06:30 PST 2016,darksrevan,MUFC 
rt rt follow for your chance to win a shock absorber sports bra of your choice winner announced fri ht ,Mon Feb 22 13:06:31 PST 2016,Jo,
win the ultimate trip to chicago for the nfl draft trip for valued at via ,Mon Feb 22 13:06:32 PST 2016,Margaret,
jesse lingard scores his first goal vs shrewsweb at greenhous meadow in the st minute ,Mon Feb 22 13:06:33 PST 2016,Statbunker,shrewsweb 
rt ted cruz has now apologized to marco rubio and ben carson for fraud and dirty tricks no wonder he has lost evangelica ,Mon Feb 22 13:06:35 PST 2016,Kristi KK Schiller,
rt eu passport held by over million people let s leave eu control our borders ,Mon Feb 22 13:06:36 PST 2016,markburse (Beaker),
we are still searching for a well established league of legends team to represent aerox applications can be sent to apply aerox esports net,Mon Feb 22 13:06:38 PST 2016,AeroX eSports,
 only one rooftop got taken to the poorhouse and actually that guy is in jail for fraud now rest made low seven figures ,Mon Feb 22 13:06:38 PST 2016,Adam B.,
forever furious about the outcome of s case what a truly terrifying world we live in freekesha sonysupportsrape,Mon Feb 22 13:06:40 PST 2016,Valerie Vana,FreeKesha SonySupportsRape 
rt goal lingard scores shrewsbury manchester united mufc ,Mon Feb 22 13:06:41 PST 2016,_____________,MUFC 
rt goal shrewsbury man united lingard scores cue dab ,Mon Feb 22 13:06:42 PST 2016,SamOne,
 err no we have a league match and the hp is fringe so we want to play fringe ,Mon Feb 22 13:06:42 PST 2016,Jordan Yates,
rt ted cruz has now apologized to marco rubio and ben carson for fraud and dirty tricks no wonder he has lost evangelica ,Mon Feb 22 13:06:42 PST 2016,Amy Moore,
rt suarez forgets his passport ahead of barcelona s champions league clash with arsenal ,Mon Feb 22 13:06:44 PST 2016,jerphar kolo,
rt lovely goal scored on the break finished off by lingard who couldn t resit the dab to celebrate mufc facup ,Mon Feb 22 13:06:44 PST 2016,swegg,MUFC FACup 
gegard mousasi picks rockhold over weidman in rematch jacare to beat belfort ,Mon Feb 22 13:06:45 PST 2016,SoCal MMA,
this could turn out to b our highest goal scoring match thus season and good c pereira coming on,Mon Feb 22 13:06:46 PST 2016,Stuart B,
rt ted cruz has now apologized to marco rubio and ben carson for fraud and dirty tricks no wonder he has lost evangelica ,Mon Feb 22 13:06:49 PST 2016,David,
rt ted cruz has now apologized to marco rubio and ben carson for fraud and dirty tricks no wonder he has lost evangelica ,Mon Feb 22 13:06:49 PST 2016,bill sieler,
fake nipp official faces trial over fraud ,Mon Feb 22 13:06:50 PST 2016,OWEN,
rt eu passport held by over million people let s leave eu control our borders ,Mon Feb 22 13:06:52 PST 2016,joyce miller,
rt digitisation of ration cards done a major step towards leak proof pds in the country no more pds corruption indiaw ,Mon Feb 22 13:06:53 PST 2016,♡ सर्प ツ ★,IndiaWithForces 
rt win of new day brow tint kits just follow rt before th february competition win ,Mon Feb 22 13:06:54 PST 2016,Laura J,competition win 
 obvious corruption ,Mon Feb 22 13:06:54 PST 2016,Magni Ironblood,
rt ted cruz has now apologized to marco rubio and ben carson for fraud and dirty tricks no wonder he has lost evangelica ,Mon Feb 22 13:06:54 PST 2016,Amy Upham,
rt buryhour have you or your business been a victim to fraud give us a call to see how we can help ,Mon Feb 22 13:06:54 PST 2016,Bury Hour,buryhour 
gegard mousasi picks rockhold over weidman in rematch jacare to beat belfort ,Mon Feb 22 13:06:54 PST 2016,crazy james caird,
rt should suspend his campaign due to lies deceit cheating and fraud ,Mon Feb 22 13:06:55 PST 2016,Chris Donohue,
rt what an amazing experience xline ride over the amazing dubai fountains looking forward to my match tomorrow http ,Mon Feb 22 13:06:55 PST 2016,Hui Zhi,
last time we scored this many was against stoke then we didn t win again until possibly tonight mufc,Mon Feb 22 13:06:57 PST 2016,DZ Gav,mufc 
 i know the facts i told you take everything but not the score the team who scores the most wins football ,Mon Feb 22 13:06:59 PST 2016,Ahmed Hraisha,
 he says more gay dhit i was dying while talking to kayin he is so suspicious ,Mon Feb 22 13:06:59 PST 2016,nerea,
 purdue third at big ten match play golf ,Mon Feb 22 13:06:59 PST 2016,Brandi Hadresham,Purdue 
buzzing for the boro match tomorrow be nice to see a team play with a bit of passion for once,Mon Feb 22 13:07:00 PST 2016,Niall,
rt gloria you are so blind to the corruption that is your canadian born messiah it isn t even funny good bye ,Mon Feb 22 13:07:01 PST 2016,M.Patricia,
 quit acting like you didn t just say you needed to save gas g you a fraud lol all there is to it,Mon Feb 22 13:07:01 PST 2016,$keeter,
rt ted cruz has now apologized to marco rubio and ben carson for fraud and dirty tricks no wonder he has lost evangelica ,Mon Feb 22 13:07:04 PST 2016,therealbignick,
 byu sports bronco mendenhall says it was crystal clear he had taken byu s football program as far as he sports,Mon Feb 22 13:07:04 PST 2016,Robert Rogers,sports 
rt the washington establishment is unwilling to stand stop the corruption that s why i support https ,Mon Feb 22 13:07:05 PST 2016,Barbara Chartier,
rt eu passport held by over million people let s leave eu control our borders ,Mon Feb 22 13:07:08 PST 2016,Bristol Common Sense,
rt ted cruz has now apologized to marco rubio and ben carson for fraud and dirty tricks no wonder he has lost evangelica ,Mon Feb 22 13:07:08 PST 2016,Lucky13,
rt lovely goal scored on the break finished off by lingard who couldn t resit the dab to celebrate mufc facup ,Mon Feb 22 13:07:09 PST 2016,Roché ❤,MUFC FACup 
 purdue third at big ten match play golf ,Mon Feb 22 13:07:09 PST 2016,Brandi Harlakinden,Purdue 
josh smith sporting a black eye under his right eye war wound he said asked who in practice gave it to him ,Mon Feb 22 13:07:09 PST 2016,TravRol,
rt can t wait to see busi exposing this fraud zil like this or even worse tomorrow ,Mon Feb 22 13:07:10 PST 2016,Pralebda Wichaksana,
rt will rogers high school is currently accepting multiple applications for varsity assistant football coache s okpreps ,Mon Feb 22 13:07:13 PST 2016,Oklahoma HS Football,okpreps oksportsgrind 
 at a certain point it jus seems suspicious just too much ,Mon Feb 22 13:07:13 PST 2016,Chris,
rt eu passport held by over million people let s leave eu control our borders ,Mon Feb 22 13:07:14 PST 2016,Kalleanks,
rt ted cruz has now apologized to marco rubio and ben carson for fraud and dirty tricks no wonder he has lost evangelica ,Mon Feb 22 13:07:15 PST 2016,AskRepublican,
rt deer creek public schools is accepting applications for the position of head football coach okpreps oksportsgrind,Mon Feb 22 13:07:16 PST 2016,Oklahoma HS Football,okpreps oksportsgrind 
rt ted cruz has now apologized to marco rubio and ben carson for fraud and dirty tricks no wonder he has lost evangelica ,Mon Feb 22 13:07:16 PST 2016,SergZerg,
fake nipp official faces trial over fraud ,Mon Feb 22 13:07:16 PST 2016,Franko,
rt goal shrewsbury man united lingard scores cue dab ,Mon Feb 22 13:07:16 PST 2016,wole cole,
update brazil police target rousseff campaign chief in corruption probe sao paulo rio de janeiro feb r ,Mon Feb 22 13:07:17 PST 2016,Cyber Newspaper,
rt ted cruz has now apologized to marco rubio and ben carson for fraud and dirty tricks no wonder he has lost evangelica ,Mon Feb 22 13:07:17 PST 2016,Shane,
rt goal shrewsbury town manchester united lingard ,Mon Feb 22 13:07:19 PST 2016,THÖNIÖ,
 purdue third at big ten match play golf ,Mon Feb 22 13:07:19 PST 2016,Brandi Harper,Purdue 
rt ted cruz has now apologized to marco rubio and ben carson for fraud and dirty tricks no wonder he has lost evangelica ,Mon Feb 22 13:07:20 PST 2016,Christian,
rt ted cruz has now apologized to marco rubio and ben carson for fraud and dirty tricks no wonder he has lost evangelica ,Mon Feb 22 13:07:20 PST 2016,shadygrady,
memphis is a fraud,Mon Feb 22 13:07:22 PST 2016,tom,
 these games weren t even on the bbc sport main page not many people care much for league anymore ,Mon Feb 22 13:07:22 PST 2016,Niall Smith,
uber rape terrorist now child killers all work for uber how the fuck are they still license any were in the world corruption corruption ,Mon Feb 22 13:07:23 PST 2016,THE DARK WEB,
rt ted cruz has now apologized to marco rubio and ben carson for fraud and dirty tricks no wonder he has lost evangelica ,Mon Feb 22 13:07:25 PST 2016,Lolamay,
rt ted cruz has now apologized to marco rubio and ben carson for fraud and dirty tricks no wonder he has lost evangelica ,Mon Feb 22 13:07:25 PST 2016,Cristina Pena,
rt ted cruz has now apologized to marco rubio and ben carson for fraud and dirty tricks no wonder he has lost evangelica ,Mon Feb 22 13:07:25 PST 2016,My Info J G Stagner,
 tell us all more about two corinthians donald and your deep love of the bible you couldn t be more of a fraud ,Mon Feb 22 13:07:26 PST 2016,JTS,
rt goal lingard scores shrewsbury manchester united mufc ,Mon Feb 22 13:07:26 PST 2016,Ashley Mathenge,MUFC 
rt ted cruz has now apologized to marco rubio and ben carson for fraud and dirty tricks no wonder he has lost evangelica ,Mon Feb 22 13:07:28 PST 2016,4. September,
rt lovely goal scored on the break finished off by lingard who couldn t resit the dab to celebrate mufc facup ,Mon Feb 22 13:07:28 PST 2016,The Alchemist,MUFC FACup 
 purdue third at big ten match play golf ,Mon Feb 22 13:07:28 PST 2016,Brandi Huddleston,Purdue 
why s mata not been dropped scores why s lingard playing over pereira scores ,Mon Feb 22 13:07:29 PST 2016,Megan,
rt goal lingard scores shrewsbury manchester united mufc ,Mon Feb 22 13:07:30 PST 2016,DINDA,MUFC 
 i m still trying to get over that we scored in the first half,Mon Feb 22 13:07:30 PST 2016,Gareth Dale,
rt rt follow for your chance to win a shock absorber sports bra of your choice winner announced fri ht ,Mon Feb 22 13:07:31 PST 2016,Kate Knight,
rt read this to see today s government funded sea level fraud from ,Mon Feb 22 13:07:32 PST 2016,Ross,
suarez forgets his passport ahead of barcelona s champions league clash with arsenal a club official from bar ,Mon Feb 22 13:07:33 PST 2016,Victor,
every game except the europa league match last week ,Mon Feb 22 13:07:34 PST 2016,Beppe Jr.,
rt call of duty announces amateur esports league as a launchpad read more ,Mon Feb 22 13:07:34 PST 2016,Itz Faint,
rt ted cruz has now apologized to marco rubio and ben carson for fraud and dirty tricks no wonder he has lost evangelica ,Mon Feb 22 13:07:34 PST 2016,Pepperlesszzz,
rt rt follow for your chance to win a shock absorber sports bra of your choice winner announced fri ht ,Mon Feb 22 13:07:36 PST 2016,Stephen McNeal,
rt lovely goal scored on the break finished off by lingard who couldn t resit the dab to celebrate mufc facup ,Mon Feb 22 13:07:36 PST 2016,Bilay va molo molo‼️,MUFC FACup 
 fabuloxmag suarez forgets his passport ahead of barcelona s champions league clash wit ,Mon Feb 22 13:07:37 PST 2016,FABULOX MAGAZINE,fabuloxmag 
at this time of year it s easy to forget the true meaning of christianity the lies the corruption the abuse ,Mon Feb 22 13:07:37 PST 2016,Miami Celebs,
play rubbish score one goal and dab,Mon Feb 22 13:07:37 PST 2016,dí,
video na the goal wey lingard score against shrewbury town mufc ,Mon Feb 22 13:07:38 PST 2016,Man United In Pidgin,MUFC 
 purdue third at big ten match play golf ,Mon Feb 22 13:07:38 PST 2016,Brandi Jarman,Purdue 
rt these are the world s least corrupt nations corruption ,Mon Feb 22 13:07:38 PST 2016,Eda Aksoy,corruption 
suarez forgets his passport ahead of barcelona s champions league clash with arsenal a club official from bar ,Mon Feb 22 13:07:38 PST 2016,只是我,
rt eu passport held by over million people let s leave eu control our borders ,Mon Feb 22 13:07:39 PST 2016,Sean Alexander,
rt are you afraid about fraud detection in your mobile environment answers in mwc try neo j ask ,Mon Feb 22 13:07:40 PST 2016,Alq,MWC16 neo4j 
soccer livescore eng el southendutd vs burtonalbion goal for southend utd ,Mon Feb 22 13:07:40 PST 2016,ScoresPro.com,Livescore SouthendUtd BurtonAlbion 
rt goal lingard scores shrewsbury manchester united mufc ,Mon Feb 22 13:07:40 PST 2016,Luke,MUFC 
rt ted cruz has now apologized to marco rubio and ben carson for fraud and dirty tricks no wonder he has lost evangelica ,Mon Feb 22 13:07:40 PST 2016,PatriotLisa4Trump!,
rt ted cruz has now apologized to marco rubio and ben carson for fraud and dirty tricks no wonder he has lost evangelica ,Mon Feb 22 13:07:41 PST 2016,@screenwriter,
fake nipp official faces trial over fraud ,Mon Feb 22 13:07:41 PST 2016,#LOGO™,
rt ted cruz has now apologized to marco rubio and ben carson for fraud and dirty tricks no wonder he has lost evangelica ,Mon Feb 22 13:07:41 PST 2016,Shealyn Kirkman,
apple vs fbi caused by political correctness neighbors didn t report suspicious activity to not seem racist ignored instinct ,Mon Feb 22 13:07:42 PST 2016,John Ratzenberger,
rt ted cruz has now apologized to marco rubio and ben carson for fraud and dirty tricks no wonder he has lost evangelica ,Mon Feb 22 13:07:42 PST 2016,123Talent, Inc,
 well we could probably play a good match as long as we did t hurt someone ,Mon Feb 22 13:07:43 PST 2016,charles mcclellan,
well there is so much corruption and theft in that area he probably decided it was not for him ,Mon Feb 22 13:07:43 PST 2016,Laetitia,
another tap in goal by lingard he s just that player that doesn t play well but scores in every matches weird really,Mon Feb 22 13:07:45 PST 2016,SimpatisanUtd Bekasi,
rt ted cruz has now apologized to marco rubio and ben carson for fraud and dirty tricks no wonder he has lost evangelica ,Mon Feb 22 13:07:45 PST 2016,Rob Literal™,
rt ted cruz has now apologized to marco rubio and ben carson for fraud and dirty tricks no wonder he has lost evangelica ,Mon Feb 22 13:07:45 PST 2016,Cody,
rt ted cruz has now apologized to marco rubio and ben carson for fraud and dirty tricks no wonder he has lost evangelica ,Mon Feb 22 13:07:46 PST 2016,lewis touchet,
rt good to be back playing and even better seeing score his first national league goal for ,Mon Feb 22 13:07:46 PST 2016,Indian Gymkhana HC,
rt eu passport held by over million people let s leave eu control our borders ,Mon Feb 22 13:07:48 PST 2016,Wolfy,
suarez forgets his passport ahead of barcelona s champions league clash with arsenal a club official from bar ,Mon Feb 22 13:07:49 PST 2016,Oyinkansola's DAD,
rt gloria you are so blind to the corruption that is your canadian born messiah it isn t even funny good bye ,Mon Feb 22 13:07:50 PST 2016,Yummy Bacon 4Trump,
rt over months later and we still don t know the outcome of the arbitration why might that be ,Mon Feb 22 13:07:50 PST 2016,moo,
rt it won t stop these illegal immigrants eu countries to restrict passport free travel for up to two years ,Mon Feb 22 13:07:52 PST 2016,joyce miller,
 can t wait to see the match had the privilege of seeing you play at nou camp your are a class act,Mon Feb 22 13:07:54 PST 2016,Anne Doherty,
pereira on finally he ll score from another free kick today ,Mon Feb 22 13:07:54 PST 2016,Jíthu,
rt ted cruz has now apologized to marco rubio and ben carson for fraud and dirty tricks no wonder he has lost evangelica ,Mon Feb 22 13:07:56 PST 2016,lynn,
suarez forgets his passport ahead of barcelona s champions league clash with arsenal a club official from bar ,Mon Feb 22 13:07:55 PST 2016,ORAY,
fake nipp official faces trial over fraud ,Mon Feb 22 13:07:56 PST 2016,Crown Dj Morak,
only if these sa league players spent more time training to play better than learning dance moves their national team would match brazil s,Mon Feb 22 13:07:57 PST 2016,Snufflelaphagus,
rt is done bye ted lie cheat bear false witness the biggest public fraud of a christian since jim bakker https ,Mon Feb 22 13:07:57 PST 2016,Jason's Grandpa,
 purdue third at big ten match play golf ,Mon Feb 22 13:07:57 PST 2016,Brandi Leech,Purdue 
football hires clarence martin tabs james longerbeam as both seek turnaround seasons ,Mon Feb 22 13:07:57 PST 2016,AllMetSports,
rt video na the goal wey lingard score against shrewbury town mufc ,Mon Feb 22 13:07:58 PST 2016,XAVIER™  ►♥◄,MUFC 
from espn davis heartbroken over ingrid williams death davis heartbroken over ingrid will sports news,Mon Feb 22 13:07:58 PST 2016,What Is Gambling?,sports news 
rt meet the under harvard ph d student who wants to change the sports medicine industry ,Mon Feb 22 13:07:59 PST 2016,VC+E=IPO™ Fellowship,
suarez forgets his passport ahead of barcelona s champions league clash with arsenal a club official from bar ,Mon Feb 22 13:07:59 PST 2016,❌ ROGUE❌,
rt ted cruz has now apologized to marco rubio and ben carson for fraud and dirty tricks no wonder he has lost evangelica ,Mon Feb 22 13:07:59 PST 2016,Phil De Carolis,
forever having fraud on my bank account,Mon Feb 22 13:07:59 PST 2016,Brian Couture,
rt no eacc seems to be involved in corruption cartels it has no will power to arrest the graft ,Mon Feb 22 13:08:00 PST 2016,Karen Karimi Knaust,
soccer livescore eng el southendutd vs burtonalbion goal for southend utd goal for southend utd,Mon Feb 22 13:08:01 PST 2016,Breaking News,Livescore SouthendUtd BurtonAlbion 
soccer livescore eng el southendutd vs burtonalbion goal for southend utd goal for southend utd,Mon Feb 22 13:08:01 PST 2016,liga1,Livescore SouthendUtd BurtonAlbion 
soccer livescore eng el southendutd vs burtonalbion goal for southend utd,Mon Feb 22 13:08:01 PST 2016,elitefootcm,Livescore SouthendUtd BurtonAlbion 
soccer livescore eng el southendutd vs burtonalbion goal for southend utd,Mon Feb 22 13:08:01 PST 2016,GOALdotcom,Livescore SouthendUtd BurtonAlbion 
soccer livescore eng el southendutd vs burtonalbion goal for southend utd goal for southend utd,Mon Feb 22 13:08:01 PST 2016,Goles en VIVO,Livescore SouthendUtd BurtonAlbion 
soccer livescore eng el southendutd vs burtonalbion goal for southend utd goal for southend utd soccer,Mon Feb 22 13:08:01 PST 2016,Scores Soccer,Livescore SouthendUtd BurtonAlbion Soccer 
soccer livescore eng el southendutd vs burtonalbion goal for southend utd goal fo inplay betting,Mon Feb 22 13:08:01 PST 2016,inplay_betting,Livescore SouthendUtd BurtonAlbion inplay_betting 
soccer livescore eng el southendutd vs burtonalbion goal for southend utd goal for southend utd,Mon Feb 22 13:08:02 PST 2016,ScoresRSS,Livescore SouthendUtd BurtonAlbion 
tennis match fixing claims mps to question authorities ,Mon Feb 22 13:08:02 PST 2016,Tennis,
 should be eligible as long as one play is u ,Mon Feb 22 13:08:03 PST 2016,TheLeeGK,
rt ted cruz has now apologized to marco rubio and ben carson for fraud and dirty tricks no wonder he has lost evangelica ,Mon Feb 22 13:08:04 PST 2016,CvB,
rt lovely goal scored on the break finished off by lingard who couldn t resit the dab to celebrate mufc facup ,Mon Feb 22 13:08:05 PST 2016,Doris Sukah,MUFC FACup 
just imagine how many computers are wiped how much shredders are working in ukip mep offices brexit and arrival of fraud squad ,Mon Feb 22 13:08:08 PST 2016,Jasna Badzak,UKIP Brexit 
rt percy leipsic leipsic scored his first nhl goal w his parents in the crowd percy rooms with leivo ,Mon Feb 22 13:08:08 PST 2016,Scott Dressel,FansGoFurther 
rt our wwe k live stream with starts in minutes which hof dlc match should we play first ,Mon Feb 22 13:08:09 PST 2016,Growing Up Madison,WWE2K16 
 cruz is like a slick talking televangelist phony fraud deceitful liar rick tyler is more evidence of this ,Mon Feb 22 13:08:11 PST 2016,Michael Herzberg,
rt monday official picks are live college basketball nba picks with slam dunk pick sportspicks,Mon Feb 22 13:08:11 PST 2016,Eric J.,sportspicks 
rt ted cruz has now apologized to marco rubio and ben carson for fraud and dirty tricks no wonder he has lost evangelica ,Mon Feb 22 13:08:12 PST 2016,toxic11,
fake nipp official faces trial over fraud ,Mon Feb 22 13:08:12 PST 2016,micfelix chukwudi,
manchester city v chelsea what we learnt at the etihad football soccer sports ,Mon Feb 22 13:08:13 PST 2016,soccerbabes,chelsea football soccer sports 
rt live acmilan scoreless so far from the stadio san paolo follow along here ,Mon Feb 22 13:08:13 PST 2016,Fc Barcelona,
rt suarez forgets his passport ahead of barcelona s champions league clash with arsenal ,Mon Feb 22 13:08:14 PST 2016,Simona Marchetti,
 i start with combo practice for about mins then watch some of my matches to see what punishes i missed and practice those in,Mon Feb 22 13:08:14 PST 2016,Anthony Mott,
 why can t they add another route which starts at mt eden village as it doesn t stop there onwards at peak time as too full ,Mon Feb 22 13:08:17 PST 2016,travellingwego,
rt read this to see today s government funded sea level fraud from ,Mon Feb 22 13:08:18 PST 2016,Rod Polisher,
rt ted cruz has now apologized to marco rubio and ben carson for fraud and dirty tricks no wonder he has lost evangelica ,Mon Feb 22 13:08:18 PST 2016,Kristin Billitere,
rt here s a new way to win a wrestling match by proposing ,Mon Feb 22 13:08:19 PST 2016,[RW]1043,
 cruz is too little too late he should have fired people after the fraud that was done in iowa carson cruz nogood,Mon Feb 22 13:08:19 PST 2016,Jolena,
rt ted cruz has now apologized to marco rubio and ben carson for fraud and dirty tricks no wonder he has lost evangelica ,Mon Feb 22 13:08:19 PST 2016,Gracie Lynn,
rt play rubbish score one goal and dab,Mon Feb 22 13:08:20 PST 2016,Wole Nix Phoenix,
fake nipp official faces trial over fraud ,Mon Feb 22 13:08:20 PST 2016,Eyo Ge,
rt video na the goal wey lingard score against shrewbury town mufc ,Mon Feb 22 13:08:22 PST 2016,Mr.Robot,MUFC 
 bernie is a fraud and and hate monger and liar that s not liberal,Mon Feb 22 13:08:24 PST 2016,Maggy,
 purdue third at big ten match play golf ,Mon Feb 22 13:08:24 PST 2016,Brandi Malemayns,Purdue 
rt ted cruz has now apologized to marco rubio and ben carson for fraud and dirty tricks no wonder he has lost evangelica ,Mon Feb 22 13:08:26 PST 2016,Trump's Trumpette,
rt ted cruz has now apologized to marco rubio and ben carson for fraud and dirty tricks no wonder he has lost evangelica ,Mon Feb 22 13:08:26 PST 2016,yahoo420,
yahoo sports former mvp rollins reaches minor league deal with white sox yahoo sports ,Mon Feb 22 13:08:27 PST 2016,Weekly Sports Report,
rt after years of defending democracy freedom of speech standing against corruption hawlati will be closed this week ,Mon Feb 22 13:08:29 PST 2016,deftera reş,
sorry but when was this miss india uk pageant because i m so sure it got done for fraud a few years ago with my sister looool,Mon Feb 22 13:08:30 PST 2016,SonAash,
miranda scores st internazionale goal in easy win over sampdoria football soccer ,Mon Feb 22 13:08:30 PST 2016,soccerbabes,football soccer 
 yahoosports tennessee s year run in the women s poll is over yahoo sports tennessee sports sportsnews,Mon Feb 22 13:08:31 PST 2016,Selections Free,yahoosports sports sportsnews 
rt one picture to show why i will never take my daughters to a football match in this country or allow them to attend ht ,Mon Feb 22 13:08:31 PST 2016,Ricardo Fellini,
 sports yh ny former mvp rollins reaches minor league deal with white sox yahoo sports looking to add an e ,Mon Feb 22 13:08:31 PST 2016,New York Sports,sports NY 
rt eu passport held by over million people let s leave eu control our borders ,Mon Feb 22 13:08:32 PST 2016,jack dunkley,
rt ted cruz has now apologized to marco rubio and ben carson for fraud and dirty tricks no wonder he has lost evangelica ,Mon Feb 22 13:08:32 PST 2016,Ross McLean,
 i feel slightly suspicious of this but that dog is adorable ,Mon Feb 22 13:08:32 PST 2016,Hallie Henrickson,
rt anthony davis scores points and grabs rebounds en route to a win against the pistons thebrow ,Mon Feb 22 13:08:32 PST 2016,NF$  GOD,TheBrow 
fifa candidate champagne files complaint against uefa asia football soccer sports ,Mon Feb 22 13:08:32 PST 2016,soccerbabes,uefa football soccer sports 
rt lovely goal scored on the break finished off by lingard who couldn t resit the dab to celebrate mufc facup ,Mon Feb 22 13:08:33 PST 2016,Red Mancunian,MUFC FACup 
rt he does it again kept a clean sheet once again for who played a scoreless draw against mj ndale ,Mon Feb 22 13:08:34 PST 2016,Simon Thomas,Friendly Norway 
rt ted cruz has now apologized to marco rubio and ben carson for fraud and dirty tricks no wonder he has lost evangelica ,Mon Feb 22 13:08:34 PST 2016,Jordan,
rt ted cruz has now apologized to marco rubio and ben carson for fraud and dirty tricks no wonder he has lost evangelica ,Mon Feb 22 13:08:34 PST 2016,Chris Jett,
rt last day of practice from home before major qual flying to frankfurt tmrw gonna play matches from home tmrw vs ,Mon Feb 22 13:08:35 PST 2016,OGPika,
rt ted cruz has now apologized to marco rubio and ben carson for fraud and dirty tricks no wonder he has lost evangelica ,Mon Feb 22 13:08:36 PST 2016,Donna Manolli,
fake nipp official faces trial over fraud ,Mon Feb 22 13:08:36 PST 2016,Agbetoba Rasaq M,
rt read this to see today s government funded sea level fraud from ,Mon Feb 22 13:08:37 PST 2016,Deone Yurchenko,
rt video na the goal wey lingard score against shrewbury town mufc ,Mon Feb 22 13:08:39 PST 2016,Australia,MUFC 
rt ted cruz has now apologized to marco rubio and ben carson for fraud and dirty tricks no wonder he has lost evangelica ,Mon Feb 22 13:08:40 PST 2016,Will,
rt does defending corruption also involve not speaking about vyapam mr kher i refer u to tweet htt ,Mon Feb 22 13:08:41 PST 2016,Rahul ਰਾਹੁਲ ਚਤੁਰਵੇਦੀ,Vyapam 
 purdue third at big ten match play golf ,Mon Feb 22 13:08:41 PST 2016,Brandi Marris,Purdue 
be brilliant to see united score another goal to finish the game off ,Mon Feb 22 13:08:42 PST 2016,Rachel Farrell,
rt ted cruz has now apologized to marco rubio and ben carson for fraud and dirty tricks no wonder he has lost evangelica ,Mon Feb 22 13:08:44 PST 2016,carla lykins,
this match would ve been only relevant if we had lost this win should not guarantee anything to our manager he should be sacked ,Mon Feb 22 13:08:45 PST 2016,ashish_MUFC,
rt new zealand v australia day four of the second test live via ,Mon Feb 22 13:08:46 PST 2016,Congolesa Rice,
rt lovely goal scored on the break finished off by lingard who couldn t resit the dab to celebrate mufc facup ,Mon Feb 22 13:08:47 PST 2016,wendy waite,MUFC FACup 
rt goal lingard scores shrewsbury manchester united mufc ,Mon Feb 22 13:08:49 PST 2016,Street Kid,MUFC 
 boom nurnburg get the draw united score a third nothing silly now ,Mon Feb 22 13:08:49 PST 2016,Inplay Dave Tips,
rt ted cruz has now apologized to marco rubio and ben carson for fraud and dirty tricks no wonder he has lost evangelica ,Mon Feb 22 13:08:49 PST 2016,SB,
rt ted cruz has now apologized to marco rubio and ben carson for fraud and dirty tricks no wonder he has lost evangelica ,Mon Feb 22 13:08:50 PST 2016,ira,
rt lovely goal scored on the break finished off by lingard who couldn t resit the dab to celebrate mufc facup ,Mon Feb 22 13:08:50 PST 2016,Rocdrew,MUFC FACup 
rt ted cruz has now apologized to marco rubio and ben carson for fraud and dirty tricks no wonder he has lost evangelica ,Mon Feb 22 13:08:51 PST 2016,Debora TRUMP 2016,
rt if with corruption was n and without corruption is now n i think yall will agree with me that we need corrupti ,Mon Feb 22 13:08:52 PST 2016,Tony Z. | MetaMedia,
rt enter the orlando city tv ticket sweepstakes for a chance to win pack of tickets to opening match h ,Mon Feb 22 13:08:52 PST 2016,WFTV Sports,
rt enter the orlando city tv ticket sweepstakes for a chance to win pack of tickets to opening match h ,Mon Feb 22 13:08:52 PST 2016,WFTV Social,
fake nipp official faces trial over fraud ,Mon Feb 22 13:08:52 PST 2016,Mhiz_inspiration,
rt don t miss take on tuesday night in ucl live on ,Mon Feb 22 13:08:53 PST 2016,Steve Brookes,UCL 
rt ted cruz has now apologized to marco rubio and ben carson for fraud and dirty tricks no wonder he has lost evangelica ,Mon Feb 22 13:08:53 PST 2016,Kathleen Roberts,
 fancy some deathmatch im banned and can play will help you rank up ,Mon Feb 22 13:08:53 PST 2016,Christopher Sword,
i bet fnatic will win against skgaming in the esl csgoproleague match ,Mon Feb 22 13:08:53 PST 2016,Massini1997,fnatic CSGOProLeague match4713 
rt ted cruz has now apologized to marco rubio and ben carson for fraud and dirty tricks no wonder he has lost evangelica ,Mon Feb 22 13:08:54 PST 2016,Tim Dilger,
 you wouldn t be a fraud you re allowed to draw things you don t play,Mon Feb 22 13:08:54 PST 2016,zandergb,
stop pretending the champions league is a good tournament ,Mon Feb 22 13:08:54 PST 2016,CR,
rt check out my lil bro out of pathtothedraft,Mon Feb 22 13:08:56 PST 2016,Michael Eubank,PathToTheDraft 
rt goal lingard scores shrewsbury manchester united mufc ,Mon Feb 22 13:08:56 PST 2016,The inocent one,MUFC 
rt new zealand v australia day four of the second test live via ,Mon Feb 22 13:08:57 PST 2016,Jason Nash,
rt pereira on finally he ll score from another free kick today ,Mon Feb 22 13:08:58 PST 2016,Rexford  Oppong,
 purdue third at big ten match play golf ,Mon Feb 22 13:08:58 PST 2016,Brandi Panshawe,Purdue 
rt eu passport held by over million people let s leave eu control our borders ,Mon Feb 22 13:08:59 PST 2016,steven,
soccer livescore ita b perugia vs trapani goal for trapani ,Mon Feb 22 13:09:02 PST 2016,ScoresPro.com,Livescore Perugia Trapani 
rt goal lingard scores shrewsbury manchester united mufc ,Mon Feb 22 13:09:02 PST 2016,ShayP7,MUFC 
you want fraud sir try your current tweet ,Mon Feb 22 13:09:03 PST 2016,Sissy Willis,fraud 
rt ted cruz has now apologized to marco rubio and ben carson for fraud and dirty tricks no wonder he has lost evangelica ,Mon Feb 22 13:09:04 PST 2016,Diana247,
aleppo smoker to benefit aleppo shriners children s transportation fund ,Mon Feb 22 13:09:04 PST 2016,CigarEvents.com,
i m not even gonna get happy over the score,Mon Feb 22 13:09:05 PST 2016,Hamzah,
soccer livescore ita b perugia vs trapani goal for trapani ,Mon Feb 22 13:09:07 PST 2016,ScoresPro.com Live,Livescore Perugia Trapani 
 purdue third at big ten match play golf ,Mon Feb 22 13:09:07 PST 2016,Brandi Polton,Purdue 
fake nipp official faces trial over fraud ,Mon Feb 22 13:09:09 PST 2016,FollowBakorIUnfollow,
rt ted cruz has now apologized to marco rubio and ben carson for fraud and dirty tricks no wonder he has lost evangelica ,Mon Feb 22 13:09:10 PST 2016,Rose Swanson,
 will be leaving for guwahati tomorrow morning to play their afc cup match read details ,Mon Feb 22 13:09:10 PST 2016,Mohun Bagan,
rt new zealand v australia day four of the second test live via ,Mon Feb 22 13:09:11 PST 2016,roberto manzoni,
rt aston villa beaten by their own u s in behind closed doors match sometimes football just doesn t need a punchline avfc,Mon Feb 22 13:09:13 PST 2016,J O S H  A R T U S,AVFC 
rt last tweet until benteke scores a goal,Mon Feb 22 13:09:13 PST 2016,Alex James,
rt new zealand v australia day four of the second test live via ,Mon Feb 22 13:09:13 PST 2016,Vik Verma,
rt he s only gone and done it has officially raised over million for ,Mon Feb 22 13:09:14 PST 2016,fan.,
i m doing a live ama for this thursday at pm est ask your questions here ,Mon Feb 22 13:09:14 PST 2016,GimR @ MAGfest,
rt my favorite sport ,Mon Feb 22 13:09:16 PST 2016,MMA-XXX,
fake nipp official faces trial over fraud ,Mon Feb 22 13:09:17 PST 2016,Home Of Freebies,
it was tough to keep up with all the duck sports this wknd full recap for next hours i ll still miss stuff ,Mon Feb 22 13:09:17 PST 2016,Joey Mac,
when someone commits fraud on your debit card and tries to charge hundreds of dollars worth of stuff from walmart ,Mon Feb 22 13:09:21 PST 2016,ella denney,
the ppl who scream they real turn out to be fraud ,Mon Feb 22 13:09:22 PST 2016,aśh xo,
rt ted cruz has now apologized to marco rubio and ben carson for fraud and dirty tricks no wonder he has lost evangelica ,Mon Feb 22 13:09:22 PST 2016,mother earth,
rt ted cruz has now apologized to marco rubio and ben carson for fraud and dirty tricks no wonder he has lost evangelica ,Mon Feb 22 13:09:22 PST 2016,Darlene,
rt suarez forgets his passport ahead of barcelona s champions league clash with arsenal ,Mon Feb 22 13:09:23 PST 2016,Adam TaylorCFC,
rt both parties are terrified of someone elected coming in and exposing the unbelievable corruption in the federal government ,Mon Feb 22 13:09:25 PST 2016,Jack,
rt jesse lingard scores his first ever emiratesfacup goal finishing off a smart counter attack ,Mon Feb 22 13:09:25 PST 2016,Craig Brown,EmiratesFACup 
suarez forgets his passport ahead of barcelona s champions league clash with arsenal ,Mon Feb 22 13:09:26 PST 2016,Football X,
walk the line between control and corruption see triple in theaters feb ,Mon Feb 22 13:09:27 PST 2016,Rosary Cortez,Triple9 
rt ted cruz has now apologized to marco rubio and ben carson for fraud and dirty tricks no wonder he has lost evangelica ,Mon Feb 22 13:09:29 PST 2016,Joseph,
 damn it really want shrews to win sacklvg,Mon Feb 22 13:09:29 PST 2016,Carl Williamson,sacklvg 
well at least has a valid graduate degree from a respectable college unlike with his rag mba from a fraud college ,Mon Feb 22 13:09:28 PST 2016,patroonislander,
i don t understand this sport ,Mon Feb 22 13:09:29 PST 2016,sean young,
 dear mr sharpton i got myself entangled under the biggest fraud government abuse that ever occured in recorded history ,Mon Feb 22 13:09:30 PST 2016,nothomb alexandre,
rt ted cruz has now apologized to marco rubio and ben carson for fraud and dirty tricks no wonder he has lost evangelica ,Mon Feb 22 13:09:30 PST 2016,cantstumpthetrump,
 fraud ass,Mon Feb 22 13:09:31 PST 2016,Marlie,
john mikel obi has been at chelsea since and has scored only one bpl goal ,Mon Feb 22 13:09:31 PST 2016,PalmBeachToday,
rt new zealand v australia day four of the second test live via ,Mon Feb 22 13:09:31 PST 2016,Frank Smith,
rt jesse lingard scores his first ever emiratesfacup goal finishing off a smart counter attack ,Mon Feb 22 13:09:31 PST 2016,Kash Mehta,EmiratesFACup 
rt ted cruz has now apologized to marco rubio and ben carson for fraud and dirty tricks no wonder he has lost evangelica ,Mon Feb 22 13:09:32 PST 2016,Carolyn Lee,
rt lovely goal scored on the break finished off by lingard who couldn t resit the dab to celebrate mufc facup ,Mon Feb 22 13:09:32 PST 2016,Prince Charming,MUFC FACup 
 lovely stuff i was just about to jump on trapani win and they scored as i was researching it ,Mon Feb 22 13:09:33 PST 2016,Grim Up North,
 you could be asking roy williams the same question years of academic fraud and still no penalty roy didn t know please,Mon Feb 22 13:09:33 PST 2016,Tom sledjeski,
 purdue third at big ten match play golf ,Mon Feb 22 13:09:34 PST 2016,Brandi Roland,Purdue 
 give him time he ll get it right he scored the most freekicks in the top league s before joining us,Mon Feb 22 13:09:34 PST 2016,Joshua,
rt where can you meet thought leaders at the intersection of youth sport health http ,Mon Feb 22 13:09:34 PST 2016,Chris Giza,
rt rt follow to be in with a chance to win tickets to sportingexcellence http ,Mon Feb 22 13:09:35 PST 2016,Bective GFC,SportingExcellence 
rt earn k monthly bookiebashing see my profile now jobs london socialmedia mufc mcfc lfc avfc pfc cfc afc sp ,Mon Feb 22 13:09:36 PST 2016,Aston Villa Media,bookiebashing jobs london socialmedia mufc mcfc lfc avfc pfc cfc afc spurs FIFA FACUP RT 
rt new zealand v australia day four of the second test live via ,Mon Feb 22 13:09:36 PST 2016,Insane Girl,
rt lionel messi has never scored against you may his beak of a nose continue to blind him from your goal for both ,Mon Feb 22 13:09:36 PST 2016,Mjanja Zaidi,
rt new zealand v australia day four of the second test live via ,Mon Feb 22 13:09:36 PST 2016,HMS-Services,
 comon milan you can win this match nothin specia abt napoli goodluckmilan,Mon Feb 22 13:09:37 PST 2016,Remy moore,GoodLuckMilan 
djokovic beats robredo in st match in weeks via ,Mon Feb 22 13:09:38 PST 2016,Tennis Top News,
rt our wwe k live stream with starts in minutes which hof dlc match should we play first ,Mon Feb 22 13:09:39 PST 2016,Amanda Love,WWE2K16 
rt pereira on finally he ll score from another free kick today ,Mon Feb 22 13:09:39 PST 2016,Oliver (Watford_Fan),
rt jesse lingard scores his first ever emiratesfacup goal finishing off a smart counter attack ,Mon Feb 22 13:09:39 PST 2016,Sara Roshan Sabur,EmiratesFACup 
rt jesse lingard scores his first ever emiratesfacup goal finishing off a smart counter attack ,Mon Feb 22 13:09:40 PST 2016,Neha k,EmiratesFACup 
it s nice to imagine that with every goal man u score jose mourinho s appointment is at the very least delayed ,Mon Feb 22 13:09:40 PST 2016,John Battsek,
rt our wwe k live stream with starts in minutes which hof dlc match should we play first ,Mon Feb 22 13:09:40 PST 2016,Rockin' Deals,WWE2K16 
soccer livescore chi b santiagomorning vs curicounido goal for santiago morning ,Mon Feb 22 13:09:41 PST 2016,ScoresPro.com Live,Livescore SantiagoMorning CuricoUnido 
redskins steelers live at ,Mon Feb 22 13:09:42 PST 2016,PX1 Johnny Football,
rt ted cruz has now apologized to marco rubio and ben carson for fraud and dirty tricks no wonder he has lost evangelica ,Mon Feb 22 13:09:43 PST 2016,Donald jon Bismarck,
 purdue third at big ten match play golf ,Mon Feb 22 13:09:42 PST 2016,Brandi Ryall,Purdue 
fda busts parmesan cheese manufacturers for fakery and fraud no real cheese was used ,Mon Feb 22 13:09:43 PST 2016,Lance White,
rt years ago thierry henry scored this amazing goal vs real madrid what a goal arsenal legend ,Mon Feb 22 13:09:43 PST 2016,danielle fletcher,Arsenal legend 
rt ted cruz has now apologized to marco rubio and ben carson for fraud and dirty tricks no wonder he has lost evangelica ,Mon Feb 22 13:09:44 PST 2016,Kenny Collins,
rt ted cruz has now apologized to marco rubio and ben carson for fraud and dirty tricks no wonder he has lost evangelica ,Mon Feb 22 13:09:45 PST 2016,Rohan Kher,
it s fucking embarrassing from lingard you think he d just have scored the winning goal in the world cup ,Mon Feb 22 13:09:45 PST 2016,Johnsivu,
rt ted cruz has now apologized to marco rubio and ben carson for fraud and dirty tricks no wonder he has lost evangelica ,Mon Feb 22 13:09:46 PST 2016,Government Cheese,
soccer livescore ita b perugia vs trapani goal for trapani goal for trapani inplay betting,Mon Feb 22 13:09:47 PST 2016,inplay_betting,Livescore Perugia Trapani inplay_betting 
soccer livescore ita b perugia vs trapani goal for trapani goal for trapani,Mon Feb 22 13:09:47 PST 2016,ScoresRSS,Livescore Perugia Trapani 
can t say i m surprised about cruz firing rick tyler i was highly suspicious of him the first time i saw him mean spirited and cold ,Mon Feb 22 13:09:47 PST 2016,Concerned Mother,
soccer livescore ita b perugia vs trapani goal for trapani goal for trapani soccer,Mon Feb 22 13:09:47 PST 2016,Scores Soccer,Livescore Perugia Trapani Soccer 
soccer livescore chi b santiagomorning vs curicounido goal for santiago morning go inplay betting,Mon Feb 22 13:09:47 PST 2016,inplay_betting,Livescore SantiagoMorning CuricoUnido inplay_betting 
soccer livescore chi b santiagomorning vs curicounido goal for santiago morning goal for santiago morning,Mon Feb 22 13:09:47 PST 2016,ScoresRSS,Livescore SantiagoMorning CuricoUnido 
soccer livescore chi b santiagomorning vs curicounido goal for santiago morning goal for santiago morning soccer,Mon Feb 22 13:09:47 PST 2016,Scores Soccer,Livescore SantiagoMorning CuricoUnido Soccer 
rt lingard just a score bay goal from weh day,Mon Feb 22 13:09:48 PST 2016,Trap$oul,
sweett bribery fine sparks new era for anti corruption prosecution via corruption uk,Mon Feb 22 13:09:49 PST 2016,Howard Shaw,corruption UK 
rt lorenzo insigne has scored his th goal vs ac milan the rd this season his favourite target in serie a magnifico ,Mon Feb 22 13:09:49 PST 2016,radioacmilan,NapoliMilan 
 makes no difference to my opinion pre match expected an easy win should also beat the danish part timers also ,Mon Feb 22 13:09:50 PST 2016,Planet Red,
rt ted cruz has now apologized to marco rubio and ben carson for fraud and dirty tricks no wonder he has lost evangelica ,Mon Feb 22 13:09:50 PST 2016,Benjamin Sinense,
 corrupted is so desperate he has become reckless not advisable for a canadian born senatorial fraud running for presidency,Mon Feb 22 13:09:52 PST 2016,Scott Ely,
rt balotelli to score the winning goal,Mon Feb 22 13:09:52 PST 2016,Milan | صالح,
 what a joke of a sport ,Mon Feb 22 13:09:52 PST 2016,Michael Cotton,
let s all settle this on fifa i want big mike to referee it both mc s pick up a pad best out of matches we re getting too old for this,Mon Feb 22 13:09:52 PST 2016,MIKE OPIZZY (L.C.A),
rt jesse lingard scores his first ever emiratesfacup goal finishing off a smart counter attack ,Mon Feb 22 13:09:53 PST 2016,erbzzino,EmiratesFACup 
tesla suing over utah sales says new bill has unfair limits cars transportation,Mon Feb 22 13:09:54 PST 2016,Squire Stocks,cars 
rt extremely john madden voice if rubio wants to win this one he s going to have to score more points than the ,Mon Feb 22 13:09:54 PST 2016,mat catastrophe, esq,
rt he s only gone and done it has officially raised over million for ,Mon Feb 22 13:09:55 PST 2016,Rosie Baker,
 what is it going to take for you to start some investigations into fraud abuse of taxpayer at mbta ,Mon Feb 22 13:09:54 PST 2016,Toonie,taxpayer MBTA 
rt jesse lingard scores his first ever emiratesfacup goal finishing off a smart counter attack ,Mon Feb 22 13:09:55 PST 2016,Sajedaa,EmiratesFACup 
rt jesse lingard scores his first ever emiratesfacup goal finishing off a smart counter attack ,Mon Feb 22 13:09:55 PST 2016,caolan corry,EmiratesFACup 
 mata score second goal for man utd,Mon Feb 22 13:09:55 PST 2016,Jerry Tetteh,mata 
rt final day of voting on every vote counts view the live scoreboard contest ends pm est htt ,Mon Feb 22 13:09:57 PST 2016,Cam Girl Buzz,
rt if you gone tell it all just keep it real and never fraud ,Mon Feb 22 13:09:58 PST 2016,Ari,
 trump has msnbc rubio has fox cruz has to battle everyone when you fight corruption you have many enemies nvcaucus,Mon Feb 22 13:09:58 PST 2016,ILuvTheConstitution,Cruz NVCaucus 
rt ted cruz has now apologized to marco rubio and ben carson for fraud and dirty tricks no wonder he has lost evangelica ,Mon Feb 22 13:09:58 PST 2016,Deborah Costanzo,
rt if with corruption was n and without corruption is n my dear brothers and sisters we need corruption in this ,Mon Feb 22 13:10:00 PST 2016,Osamudiamen,
rt new zealand v australia day four of the second test live via ,Mon Feb 22 13:10:00 PST 2016,Mohammed Balaghi,
won t wade into football as i know nothing about it but the shrewsbury score reminds me of classic ripping yarns ,Mon Feb 22 13:10:00 PST 2016,Gareth,
rt i should be filing some more nypd cases this week focusing on illegal strip searches quotas fraudulent training and fr ,Mon Feb 22 13:10:01 PST 2016,whatsplayingNews,
evil is abundant corruption is every where and you think a vote will change that lmao wake up ,Mon Feb 22 13:10:03 PST 2016,Reptoid Hunter,
 it seems weird but if you think about it the homeowner has more ability to protect against the fraud than the new buyer,Mon Feb 22 13:10:03 PST 2016,Kevin McArthur,
bt sport are just like the glazers nobody wants them totally shite and just there to make money from football ,Mon Feb 22 13:10:05 PST 2016,1,
rt ian black visibly raging at losing that goal he had martial down for first scorer,Mon Feb 22 13:10:05 PST 2016,Andy Dawson,
rt jesse lingard scores his first ever emiratesfacup goal finishing off a smart counter attack ,Mon Feb 22 13:10:06 PST 2016,Stace x,EmiratesFACup 
rt jesse lingard scores his first ever emiratesfacup goal finishing off a smart counter attack ,Mon Feb 22 13:10:08 PST 2016,Tadd hartland,EmiratesFACup 
rt realdonaldtrump ted cruz has now apologized to marco rubio and ben carson for fraud and dirty tricks no wonder he has lost evangelical ,Mon Feb 22 13:10:08 PST 2016,trump bus,
united scored vs the st in league one ,Mon Feb 22 13:10:08 PST 2016,Fouad,
chris smalling goal video louis van gaal might survive another week thanks to fa cup score mufc,Mon Feb 22 13:10:09 PST 2016,Latest United News,MUFC 
 purdue third at big ten match play golf ,Mon Feb 22 13:10:08 PST 2016,Brandi Strelley,Purdue 
 ronaldo has been a fraud of a free kick specialist since being at madrid bale is better at them ,Mon Feb 22 13:10:09 PST 2016,Jack Boorman,
 omg actually ive liked baseball for a long time i cant even play i just like the sport a lot,Mon Feb 22 13:10:09 PST 2016,CL♡IRE,
rt ted cruz has now apologized to marco rubio and ben carson for fraud and dirty tricks no wonder he has lost evangelica ,Mon Feb 22 13:10:10 PST 2016,LUKE,
rt ted cruz has now apologized to marco rubio and ben carson for fraud and dirty tricks no wonder he has lost evangelica ,Mon Feb 22 13:10:10 PST 2016,John,
rt half time stfc mufc good scoreline controlled possession but looked like we might make it difficult ,Mon Feb 22 13:10:11 PST 2016,dave,Stfc Mufc 
rt ted cruz has now apologized to marco rubio and ben carson for fraud and dirty tricks no wonder he has lost evangelica ,Mon Feb 22 13:10:11 PST 2016,Yassin K. Fawaz,
 bow frog looks very suspicious i d like to see the tip,Mon Feb 22 13:10:11 PST 2016,Tim Macdonald,
rt mata scores stfc mufc nice free kick,Mon Feb 22 13:10:12 PST 2016,dave,Stfc Mufc 
rt ted cruz has now apologized to marco rubio and ben carson for fraud and dirty tricks no wonder he has lost evangelica ,Mon Feb 22 13:10:12 PST 2016,Noah Willoughby,
rt jesse lingard scores his first ever emiratesfacup goal finishing off a smart counter attack ,Mon Feb 22 13:10:15 PST 2016,ṃѧяıѧṃ,EmiratesFACup 
fa cup shrewsbury v man utd http kkk www bbc co ukpkkkkp p kp kk sport live football k pk,Mon Feb 22 13:10:15 PST 2016,Paul Clark,
 grown men fraud fangirls blocking people on twitter lmao,Mon Feb 22 13:10:16 PST 2016,Justin Earl Lewis,
crs has just scored points on galaxy storm freegame androidgames galaxystorm wanna play too ,Mon Feb 22 13:10:17 PST 2016,Game High Scores,freegame androidgames galaxystorm 
 purdue third at big ten match play golf ,Mon Feb 22 13:10:17 PST 2016,Brandi Styles,Purdue 
rt ted cruz has now apologized to marco rubio and ben carson for fraud and dirty tricks no wonder he has lost evangelica ,Mon Feb 22 13:10:18 PST 2016,James Ellis,
rt sr rb max ostendorf led the hornets in rushing with over yards and scores on the ground ,Mon Feb 22 13:10:19 PST 2016,chilepablo,
it s not just about training hard or having sport specific focus need mental strength in all aspects of your life ,Mon Feb 22 13:10:19 PST 2016,Josh Klapow,
i survived m s and got a score of in agar io can you do better come and play ,Mon Feb 22 13:10:19 PST 2016,black cute kitty,
chris smalling goal video louis van gaal might survive another week thanks to fa cup score mufc,Mon Feb 22 13:10:20 PST 2016,Man United News,MUFC 
russian mobile group fined m in corruption case ,Mon Feb 22 13:10:20 PST 2016,Jacques Fitzgerald,mobile 
rt ted cruz has now apologized to marco rubio and ben carson for fraud and dirty tricks no wonder he has lost evangelica ,Mon Feb 22 13:10:21 PST 2016,Tyler Koskey,
chris smalling goal video louis van gaal might survive another week thanks to fa cup score mufc,Mon Feb 22 13:10:21 PST 2016,Man United News,MUFC 
rt ted cruz has now apologized to marco rubio and ben carson for fraud and dirty tricks no wonder he has lost evangelica ,Mon Feb 22 13:10:21 PST 2016,Bill hicks,
rt videos watch all of the boys state wrestling championship matches ,Mon Feb 22 13:10:21 PST 2016,Star-Advertiser,
rt eu passport held by over million people let s leave eu control our borders ,Mon Feb 22 13:10:22 PST 2016,Phil O'Reilly,
rt ted cruz has now apologized to marco rubio and ben carson for fraud and dirty tricks no wonder he has lost evangelica ,Mon Feb 22 13:10:22 PST 2016,Noah Jarvis,
rt lionel messi has never scored against you may his beak of a nose continue to blind him from your goal for both ,Mon Feb 22 13:10:23 PST 2016,Brother Benjamin,
rt video na the goal wey juan mata score against shrewbury town tonight mufc ,Mon Feb 22 13:10:24 PST 2016,Tuskie,MUFC 
rt ted cruz has now apologized to marco rubio and ben carson for fraud and dirty tricks no wonder he has lost evangelica ,Mon Feb 22 13:10:25 PST 2016,JackieOh!,
rt here s how to report fraud ,Mon Feb 22 13:10:26 PST 2016,Véronique,
rt there are plans underway for a kevin owens vs aj styles match at wrestlemania for the intercontinental championship ,Mon Feb 22 13:10:27 PST 2016,@XavierTheGreat23,
repeat dayooo play rubbish score one goal and dab ,Mon Feb 22 13:10:27 PST 2016,Jumia Sales Rep,
rt na the goal wey smalling score against shrewbury town mufc ,Mon Feb 22 13:10:27 PST 2016,Tuskie,MUFC 
rt realdonaldtrump scores big win over rivals in scprimary ,Mon Feb 22 13:10:27 PST 2016,Arlene Middleton,SCprimary 
rt also it s bs anyway most people play raids with randoms anyway they just matchmake manually in the comment sections on ,Mon Feb 22 13:10:28 PST 2016,Desall,
 i dont get what you mean by fraud from what i see hes pro xbox,Mon Feb 22 13:10:28 PST 2016,Robert_Deez,
 sorry mate just seen this there is a live update stream on sky sports f website o,Mon Feb 22 13:10:31 PST 2016,Costa Keown,
i survived m s and got a score of in agar io can you do better come and play ,Mon Feb 22 13:10:31 PST 2016,Andres Salto,
rt life goal get my passport tattooed ,Mon Feb 22 13:10:32 PST 2016,Hayaa,
the clinton murders corruption cocaine smuggling murder china clinton hillary,Mon Feb 22 13:10:33 PST 2016,ISRAEL BOMBS BABIES,corruption cocaine smuggling murder china clinton hillary 
 syill cant talk educayed you are a typical fraud immigrant,Mon Feb 22 13:10:33 PST 2016,Knight,
 cruz cannot be trusted trump will expose the corruption to the highest bidder trump ,Mon Feb 22 13:10:34 PST 2016,Sean Mulcahy,
rt ted cruz has now apologized to marco rubio and ben carson for fraud and dirty tricks no wonder he has lost evangelica ,Mon Feb 22 13:10:35 PST 2016,Trump 4 America,
 who do you want cruz is a fraud rubio is ok but weak on immigration and the other party is not relevant,Mon Feb 22 13:10:36 PST 2016,Nick James,
rt video na the goal wey juan mata score against shrewbury town tonight mufc ,Mon Feb 22 13:10:37 PST 2016,David (IG: mo6tim),MUFC 
rt ted cruz has now apologized to marco rubio and ben carson for fraud and dirty tricks no wonder he has lost evangelica ,Mon Feb 22 13:10:38 PST 2016,Zak Chezney,
 purdue third at big ten match play golf ,Mon Feb 22 13:10:38 PST 2016,Сhris Branwhaite,Purdue 
rt ted cruz has now apologized to marco rubio and ben carson for fraud and dirty tricks no wonder he has lost evangelica ,Mon Feb 22 13:10:39 PST 2016,Man via Integrity,
rt goal shrewsbury man united lingard scores cue dab ,Mon Feb 22 13:10:39 PST 2016,Ali Splendid,
rt q bert rebooted scored again follow us and for a chance to win a code cgn htt ,Mon Feb 22 13:10:40 PST 2016,Regan Steer,CGN 
rt ted cruz has now apologized to marco rubio and ben carson for fraud and dirty tricks no wonder he has lost evangelica ,Mon Feb 22 13:10:40 PST 2016,TRUMP IT OR LUMP IT,
enter for a chance to win usd and support families studentlifezone familydefense ,Mon Feb 22 13:10:42 PST 2016,Corry Lehmann,familydefense 
truck driver flatbed west palm beach full time prodrivers westpalmbeach fl transportation job,Mon Feb 22 13:10:42 PST 2016,ProDrivers_Jobs,WestPalmBeach Transportation Job 
enter for a chance to win usd and support families studentlifezone familydefense ,Mon Feb 22 13:10:43 PST 2016,Corry Lehmann,familydefense 
rt eu passport held by over million people let s leave eu control our borders ,Mon Feb 22 13:10:43 PST 2016,Paul Nugent,
rt our goal is to give our fans a sense of belonging smsports strategy ,Mon Feb 22 13:10:43 PST 2016,Helen,smsports 
rt ted cruz has now apologized to marco rubio and ben carson for fraud and dirty tricks no wonder he has lost evangelica ,Mon Feb 22 13:10:44 PST 2016,Anish Dave,
rt ted cruz has now apologized to marco rubio and ben carson for fraud and dirty tricks no wonder he has lost evangelica ,Mon Feb 22 13:10:44 PST 2016,Eric,
rt our wwe k live stream with starts in minutes which hof dlc match should we play first ,Mon Feb 22 13:10:47 PST 2016,Heather Baker,WWE2K16 
rt something to watch for when you use public transport accredited assistance dogs users must be given access ,Mon Feb 22 13:10:47 PST 2016,George Edwards,
rt ted cruz has now apologized to marco rubio and ben carson for fraud and dirty tricks no wonder he has lost evangelica ,Mon Feb 22 13:10:49 PST 2016,Village Chief™,
over hours at work today score workinhard,Mon Feb 22 13:10:51 PST 2016,ky marie,score workinhard 
don t let these irs tax scams get the best of you fraud taxes ,Mon Feb 22 13:10:52 PST 2016,Landmark CU,IRS fraud taxes 
jesse lingard scores the third goal to more than likely book uniteds place in the quarter final hd mufc ,Mon Feb 22 13:10:55 PST 2016,Manchester United,MUFC 
rt goal for bolton awful defending can t spell the scorer s name not happy ,Mon Feb 22 13:10:56 PST 2016,Ahmed,
rt lionel messi has never scored against you may his beak of a nose continue to blind him from your goal for both ,Mon Feb 22 13:10:56 PST 2016,Cantos,
rt ted cruz has now apologized to marco rubio and ben carson for fraud and dirty tricks no wonder he has lost evangelica ,Mon Feb 22 13:10:56 PST 2016,Jim Bixby,
rt jesse lingard scores his first ever emiratesfacup goal finishing off a smart counter attack ,Mon Feb 22 13:10:57 PST 2016,jamillllllll,EmiratesFACup 
rt luis suarez has scored as many goals this season as arsenal s entiresquad have managed in the premier league https ,Mon Feb 22 13:10:57 PST 2016,Ola Adams,
rt what s the best way to stop corruption in washington make washington smaller ,Mon Feb 22 13:10:58 PST 2016,James Ellis,
rt jesse lingard scores his first ever emiratesfacup goal finishing off a smart counter attack ,Mon Feb 22 13:10:58 PST 2016,©Senior®,EmiratesFACup 
rt itchy boob in public is the worst cuz u can t scratch it so u sorta have to rub ur arm on it w o looking suspicious being ,Mon Feb 22 13:11:02 PST 2016,Emily,
rt lovely goal scored on the break finished off by lingard who couldn t resit the dab to celebrate mufc facup ,Mon Feb 22 13:11:02 PST 2016,☆Best player☆,MUFC FACup 
rt balotelli to score the winning goal,Mon Feb 22 13:11:02 PST 2016,Lu',
rt ted cruz has now apologized to marco rubio and ben carson for fraud and dirty tricks no wonder he has lost evangelica ,Mon Feb 22 13:11:02 PST 2016,** TRUMP **,
rt trump s a fraud he s for touchback amnesty already says he ll cut deals w dems nomoredeals trusted nvcaucus h ,Mon Feb 22 13:11:03 PST 2016,◆ Ron Murphy ◆,Trump Touchback Amnesty NoMoreDeals TrusTed NVcaucus 
rt ted cruz has now apologized to marco rubio and ben carson for fraud and dirty tricks no wonder he has lost evangelica ,Mon Feb 22 13:11:03 PST 2016,Max Swartout,
rt rt enter show us your sport win big mpmysport ,Mon Feb 22 13:11:04 PST 2016,Nick,MPMySport 
 he scored and dabbed ,Mon Feb 22 13:11:05 PST 2016,BIG DADDY KENZO,
rt read this to see today s government funded sea level fraud from ,Mon Feb 22 13:11:06 PST 2016,Dangerfield,
rt eu passport held by over million people let s leave eu control our borders ,Mon Feb 22 13:11:06 PST 2016,Mahat Macoat,
vander blue named d league performer of week sports nba,Mon Feb 22 13:11:07 PST 2016,Point Blanc,sports NBA 
 hmm idk what you mean it appears that i have the win for the match y u so mad,Mon Feb 22 13:11:08 PST 2016,Joe,
how over against eccentricity the satisfactory outcome lingual sound truck into high tube tape recorder ygm ,Mon Feb 22 13:11:09 PST 2016,JulieLily,
rt ted cruz has now apologized to marco rubio and ben carson for fraud and dirty tricks no wonder he has lost evangelica ,Mon Feb 22 13:11:08 PST 2016,Glenn,
denver police check suspicious box at planned parenthood the denver post denver police are denver colorado,Mon Feb 22 13:11:09 PST 2016,Denver Colorado,Denver Colorado 
rt ted cruz has now apologized to marco rubio and ben carson for fraud and dirty tricks no wonder he has lost evangelica ,Mon Feb 22 13:11:10 PST 2016,Jeff Rovello,
rt congratulations to the mvcswimdive specialty award winners ,Mon Feb 22 13:11:10 PST 2016,Connie Peters,MVCSwimDive 
rt a future ucl star kylian mbapp has broken thierry henry s record as the youngest scorer in monaco s history h ,Mon Feb 22 13:11:11 PST 2016,KEN,UCL 
rt jesse lingard scores his first ever emiratesfacup goal finishing off a smart counter attack ,Mon Feb 22 13:11:11 PST 2016,007 MUFC,EmiratesFACup 
 ting its the ace match between and stream ,Mon Feb 22 13:11:12 PST 2016,StarCraft eSports,TING 
rt rt enter show us your sport win big mpmysport ,Mon Feb 22 13:11:12 PST 2016,Chris Collier,MPMySport 
rt ted cruz has now apologized to marco rubio and ben carson for fraud and dirty tricks no wonder he has lost evangelica ,Mon Feb 22 13:11:12 PST 2016,casey endicott,
my goal is to run in a sports bra look good haven t achieved it but i will lol,Mon Feb 22 13:11:14 PST 2016,Kay spade ♠,
rt eu passport held by over million people let s leave eu control our borders ,Mon Feb 22 13:11:16 PST 2016,αмαи∂α )σ(,
rt monday official picks are live college basketball nba picks with slam dunk pick sportspicks,Mon Feb 22 13:11:17 PST 2016,Keri Ann,sportspicks 
rt ted cruz has now apologized to marco rubio and ben carson for fraud and dirty tricks no wonder he has lost evangelica ,Mon Feb 22 13:11:17 PST 2016,linnie,
rt ted cruz has now apologized to marco rubio and ben carson for fraud and dirty tricks no wonder he has lost evangelica ,Mon Feb 22 13:11:17 PST 2016,Mindy Brooks,
rt djokovic beats robredo in st match in weeks via ,Mon Feb 22 13:11:17 PST 2016,Carolina Novoa,
can hardly hear the commentary over the sound of sports journalists weeping and gnashing their teeth,Mon Feb 22 13:11:18 PST 2016,Tim O'Brien,
rt ted cruz has now apologized to marco rubio and ben carson for fraud and dirty tricks no wonder he has lost evangelica ,Mon Feb 22 13:11:19 PST 2016,Russell Ingram,
rt we need a business man to sta